Date,Open,High,Low,Close,Volume
1/2/2023 15:30:00,44284.2,44318.65,44000.8,44192.85,0
1/3/2023 15:30:00,44121.6,44231.75,43900.9,44013.65,0
1/4/2023 15:30:00,44104.85,44160.65,43655,43723.55,0
1/5/2023 15:30:00,43832.1,44533.65,43812.95,44401.5,0
1/6/2023 15:30:00,44453.75,44717.35,44287.6,44412.85,0
1/9/2023 15:30:00,44617.5,44894.55,44505.6,44796.65,0
1/10/2023 15:30:00,44800.05,44809.45,44503.8,44626.05,0
1/11/2023 15:30:00,44728.45,44752.8,44077.1,44123,0
1/12/2023 15:30:00,44179.4,44258.75,43802.6,43966.35,0
1/13/2023 15:30:00,44013.6,44200.55,43741.45,43955.6,0
1/16/2023 15:30:00,44065.55,44099.85,43866.15,44006.75,0
1/17/2023 15:30:00,44044.8,44582.8,44011.25,44536.1,0
1/18/2023 15:30:00,44621.8,44808.95,44505.3,44711.45,0
1/19/2023 15:30:00,44596.1,44708.95,44157.35,44326.05,0
1/20/2023 15:30:00,43887.4,44138.7,43752,43899.6,0
1/23/2023 15:30:00,44047.65,44295.05,43841.05,44261.9,0
1/24/2023 15:30:00,44324.85,44449.65,44214.95,44324.35,0
1/25/2023 15:30:00,44274.8,44426.9,44056,44284.15,0
1/27/2023 15:30:00,44483.5,44617.8,44111.15,44486.65,0
1/30/2023 15:30:00,44542.25,44548.4,43956.6,44220.35,0
1/31/2023 15:30:00,44291.65,44626.4,43721.95,44456.9,0
2/1/2023 15:30:00,44699.45,45253.75,43550.1,44958.3,0
2/2/2023 15:30:00,44989.4,46090.55,44915.85,45981.55,0
2/3/2023 15:30:00,46191.9,46229.35,45551.7,46037.2,0
2/6/2023 15:30:00,46041.25,46374.9,45874.1,46293.6,0
2/7/2023 15:30:00,46396.25,46398.7,45538.5,45758.1,0
2/8/2023 15:30:00,45795.65,45976.05,45604.65,45771.6,0
2/9/2023 15:30:00,45776.35,46012.1,45614.2,45671.25,0
2/10/2023 15:30:00,45521.1,45716.1,45303.4,45488.1,0
2/13/2023 15:30:00,45477.8,45590.5,45255.7,45508.4,0
2/14/2023 15:30:00,45595.4,46078.7,45503.1,45976.95,0
2/15/2023 15:30:00,45625.35,45845.7,45361.95,45799.2,0
2/16/2023 15:30:00,45914.1,45979,45657.8,45758.2,0
2/17/2023 15:30:00,45628.8,45756.45,45401.75,45617.3,0
2/20/2023 15:30:00,45726,45900.45,45389.3,45501.2,0
2/21/2023 15:30:00,45675.4,45820.4,45485.4,45551.95,0
2/22/2023 15:30:00,45538.4,45577.75,45329.15,45412.85,0
2/23/2023 15:30:00,45440.3,45956.1,45209.1,45530.1,0
2/24/2023 15:30:00,45656.15,45672.35,45154.55,45372.5,0
2/27/2023 15:30:00,45377.75,45384.9,44733.45,45040.75,0
2/28/2023 15:30:00,45082,45261.75,44667.1,44940.45,0
3/1/2023 15:30:00,44830.55,45149,44830.55,45062.55,0
3/2/2023 15:30:00,45128.65,45149.85,44729.35,44831.6,0
3/3/2023 15:30:00,44985.7,45471.65,44964.55,45410,0
3/6/2023 15:30:00,45529.25,45772.05,45427.05,45552.1,0
3/8/2023 15:30:00,45469.65,45812.95,45282.25,45722,0
3/9/2023 15:30:00,45724.7,45767.9,45181.15,45260.45,0
3/10/2023 15:30:00,45138.95,45398.65,44933.45,45334.75,0
3/13/2023 15:30:00,45351.5,45555.7,44861.35,44953.6,0
3/14/2023 15:30:00,45068.05,45121.15,44628.05,44714.95,0
3/15/2023 15:30:00,44873.1,45047.65,44396.9,44464.35,0
3/16/2023 15:30:00,44575.9,45021.7,44447.8,44971.2,0
3/17/2023 15:30:00,45232.35,45242.4,44573,44858.3,0
3/20/2023 15:30:00,44704.2,45259.5,44392.05,45213.05,0
3/21/2023 15:30:00,45282.05,45306.35,44806.75,44913.4,0
3/22/2023 15:30:00,45027.7,45140.2,44828.5,45109.5,0
3/23/2023 15:30:00,45056.95,45434.3,44876.15,45267.45,0
3/24/2023 15:30:00,45229.15,45412.95,44990.05,45060,0
3/27/2023 15:30:00,45093.25,45434.1,44918.35,45188,0
3/28/2023 15:30:00,45215.2,45342.85,44987,45044.25,0
3/29/2023 15:30:00,45051.1,45523.45,44989.2,45421.65,0
3/31/2023 15:30:00,45583.1,45958.5,45435.9,45904.9,0
4/3/2023 15:30:00,46053.65,46053.65,45530.35,45738.45,0
4/5/2023 15:30:00,45662.85,46413.25,45626.2,46361.25,0
4/6/2023 15:30:00,46347.25,46353.7,46023.3,46109.15,0
4/10/2023 15:30:00,46107.4,46161.05,45843.35,45909.65,0
4/11/2023 15:30:00,46001.4,46330.05,45950.4,46269.7,0
4/12/2023 15:30:00,46380.95,46401,46008.8,46112.6,0
4/13/2023 15:30:00,46179.55,46449.4,46118.9,46211.95,0
4/17/2023 15:30:00,46331.9,46801.35,46220.35,46688.6,0
4/18/2023 15:30:00,46756.3,46765.55,46437.4,46536.35,0
4/19/2023 15:30:00,46475.95,46539.65,46230.6,46421.45,0
4/20/2023 15:30:00,46404.5,46616,46156.1,46256.05,0
4/21/2023 15:30:00,46259.4,46706.1,46194.8,46669.7,0
4/24/2023 15:30:00,46812.05,46978.45,46509.75,46943.05,0
4/25/2023 15:30:00,46913.45,47117.05,46807.95,47051.85,0
4/26/2023 15:30:00,47038.1,47459.95,46933.05,47387.5,0
4/27/2023 15:30:00,47401.5,47453.55,47197.15,47360.15,0
4/28/2023 15:30:00,47267.05,47955.3,47074.05,47814.1,0
5/2/2023 15:30:00,47956.85,48083.7,47675.25,47750.2,0
5/3/2023 15:30:00,47754.7,48207.9,47638.15,48120.65,0
5/4/2023 15:30:00,48061.5,48169.8,47938.8,48057.35,0
5/5/2023 15:30:00,48054.4,48326.05,48013.65,48186.15,0
5/8/2023 15:30:00,48376.7,48686.15,48312.4,48538.45,0
5/9/2023 15:30:00,48685.4,48708.35,48228.6,48369.1,0
5/10/2023 15:30:00,48453,48698.75,48333.85,48643.35,0
5/11/2023 15:30:00,48860.65,48919.85,48491.3,48865,0
5/12/2023 15:30:00,48905,49223.6,48661.75,48950.75,0
5/15/2023 15:30:00,49026.8,49650.15,48910.5,49506.55,0
5/16/2023 15:30:00,49668.15,49688.4,49363.9,49406.1,0
5/17/2023 15:30:00,49408.5,49513.8,49217.9,49434,0
5/18/2023 15:30:00,49628.3,49756.15,48818,48889.3,0
5/19/2023 15:30:00,48964.8,48965.8,48426.6,48874.25,0
5/22/2023 15:30:00,48934.1,49126.25,48701.45,49052.25,0
5/23/2023 15:30:00,49089.85,49322.4,49027.25,49118.8,0
5/24/2023 15:30:00,49054.95,49439.25,49031.3,49355.25,0
5/25/2023 15:30:00,49511.1,49825.05,49418.65,49657,0
5/26/2023 15:30:00,49802.7,50425.15,49654.6,50388,0
5/29/2023 15:30:00,50633.15,50850.25,50501.9,50626.4,0
5/30/2023 15:30:00,50717.8,51029.45,50669.5,50927.2,0
5/31/2023 15:30:00,50896.45,51133.6,50650.95,51042.75,0
6/1/2023 15:30:00,51147.1,51367.3,50923.8,50998.95,0
6/2/2023 15:30:00,51135.85,51399.55,51026.95,51288.65,0
6/5/2023 15:30:00,51373.2,51502.2,51026.9,51058.4,0
6/6/2023 15:30:00,51134.85,51212.65,50783.15,51038.4,0
6/7/2023 15:30:00,51143.3,51673.45,51066.9,51609.4,0
6/8/2023 15:30:00,51696.95,51718,51091.5,51143.5,0
6/9/2023 15:30:00,50930.9,51381.9,50605.75,50674.85,0
6/12/2023 15:30:00,50792.1,50875.15,50553.25,50762.55,0
6/13/2023 15:30:00,50897.05,51607.35,50794.1,51462.7,0
6/14/2023 15:30:00,51526.5,51834.5,51441.9,51767.9,0
6/15/2023 15:30:00,51901.25,52236.65,51840.8,52046.45,0
6/16/2023 15:30:00,52159.65,52540.5,52112.6,52440.2,0
6/19/2023 15:30:00,52486.2,52526.05,52063.7,52123.85,0
6/20/2023 15:30:00,52101.8,52239.4,51809.15,52164.7,0
6/21/2023 15:30:00,52209.6,52421.95,51763.55,51934.25,0
6/22/2023 15:30:00,51934.95,51965.75,51516,51557.8,0
6/23/2023 15:30:00,51527.8,51556.95,51124.5,51283.75,0
6/26/2023 15:30:00,51415.95,51883.4,51346.9,51635,0
6/27/2023 15:30:00,51702.3,51821.75,51477.55,51598.6,0
6/30/2023 15:30:00,51943.75,52239.05,51759.45,52194.75,0
7/3/2023 15:30:00,52299,52857.9,52061.1,52741.5,0
7/4/2023 15:30:00,52870.15,52882.4,52390.55,52814.8,0
7/5/2023 15:30:00,52845.45,53846.9,52720.1,53776.2,0
7/6/2023 15:30:00,53969.45,53971.25,53557.65,53765.65,0
7/7/2023 15:30:00,53758.6,53820.8,52847.85,52942.45,0
7/10/2023 15:30:00,53071.35,53148.6,52484.5,52536.15,0
7/11/2023 15:30:00,52609.5,53372,52544.4,53184.4,0
7/12/2023 15:30:00,53511.55,53513.4,52944.5,53279.5,0
7/13/2023 15:30:00,53453.4,53567.65,52946.4,53029.95,0
7/14/2023 15:30:00,53151.3,53558.95,53094.45,53453.7,0
7/17/2023 15:30:00,53536.35,53799.65,53351.6,53471.6,0
7/18/2023 15:30:00,53558.45,53633.2,53245.9,53340.65,0
7/19/2023 15:30:00,53366.45,53607.25,53078.55,53517.3,0
7/20/2023 15:30:00,53561.55,54289.95,53309.8,54239.7,0
7/21/2023 15:30:00,54015.55,54349.85,53511,53697.45,0
7/24/2023 15:30:00,53843.95,53882.25,52615.4,52771.7,0
7/25/2023 15:30:00,52761.5,52761.5,52002.75,52315.95,0
7/26/2023 15:30:00,52533.15,52972.65,52381.6,52865.3,0
7/27/2023 15:30:00,52934.35,53067.55,52270.95,52499.9,0
7/28/2023 15:30:00,52669.95,53035,52500.8,52964.05,0
7/31/2023 15:30:00,52953.15,53021.5,52517.05,52636.85,0
8/1/2023 15:30:00,52759.25,52836.1,52454.15,52501.15,0
8/2/2023 15:30:00,52491.7,52538.85,52103.25,52368.7,0
8/3/2023 15:30:00,52283.55,52409.8,51943.05,52062.35,0
8/4/2023 15:30:00,52201,52520,52014.65,52050.65,0
8/7/2023 15:30:00,51973.05,52107.2,51789.5,52072.5,0
8/8/2023 15:30:00,52163.15,52257.65,51752.7,51924.4,0
8/9/2023 15:30:00,51950.15,52249.3,51620.65,52206.2,0
8/10/2023 15:30:00,52209.15,52242.5,51609.15,51728.65,0
8/11/2023 15:30:00,51803.05,51825.6,51265.5,51351.7,0
8/14/2023 15:30:00,51350.55,51714.8,50984.6,51604.4,0
8/16/2023 15:30:00,51676.7,51869.75,51459.4,51815.4,0
8/17/2023 15:30:00,51821.25,51829.6,51248.55,51353.75,0
8/18/2023 15:30:00,51288.55,51586.35,51167.75,51464.75,0
8/21/2023 15:30:00,51516.85,51853.55,51409.4,51799,0
8/22/2023 15:30:00,51912.1,52234.5,51769.35,52141.65,0
8/23/2023 15:30:00,52310.6,52315.3,51839.5,51888.3,0
8/24/2023 15:30:00,52028.5,52150.05,51929.4,52036.75,0
8/25/2023 15:30:00,51930,51938.9,51415.2,51506.8,0
8/28/2023 15:30:00,51594.15,51650.65,51283.4,51390.8,0
8/29/2023 15:30:00,51511.7,51526.1,51182.05,51223.05,0
8/30/2023 15:30:00,51333.7,51560.45,51257.85,51513.55,0
8/31/2023 15:30:00,51579.95,51641.1,50913,51092.65,0
9/1/2023 15:30:00,51156.85,51326.55,51079.9,51240.5,0
9/4/2023 15:30:00,51415.1,51419.2,50932.55,51171.75,0
9/5/2023 15:30:00,51309.5,51634.95,51171.75,51548.45,0
9/6/2023 15:30:00,51629.9,52136.25,51498.05,52064.85,0
9/7/2023 15:30:00,52040.3,52110.6,51807.8,51853.1,0
9/8/2023 15:30:00,51976.8,51981.5,51709.45,51778.3,0
9/11/2023 15:30:00,51948.7,52291.25,51838,52239.05,0
9/12/2023 15:30:00,52449,52454.75,51768.9,52065.9,0
9/13/2023 15:30:00,52049.6,52346.65,52000.15,52223.65,0
9/14/2023 15:30:00,52397.5,52401.65,51926.2,52143.2,0
9/15/2023 15:30:00,52041.05,52178.25,51817.65,51895.15,0
9/18/2023 15:30:00,51983.5,52243.15,51804.1,52198.6,0
9/20/2023 15:30:00,51932.9,52066.8,51813.8,51924.15,0
9/21/2023 15:30:00,51893.05,51921.85,51332.15,51672.65,0
9/22/2023 15:30:00,51629.95,51716.7,51344.65,51608.5,0
9/25/2023 15:30:00,51646.3,51762.45,51346.05,51642.45,0
9/26/2023 15:30:00,51724.5,51982.45,51644.05,51912.85,0
9/27/2023 15:30:00,51951.35,52377.85,51653.8,52329.5,0
9/28/2023 15:30:00,52381.8,52393.15,51246.45,51329.1,0
9/29/2023 15:30:00,51504.55,51742.7,51273.75,51602.65,0
10/3/2023 15:30:00,51603.65,51708,51255.7,51320.85,0
10/4/2023 15:30:00,51372.15,51528.25,51128.5,51435.75,0
10/5/2023 15:30:00,51625.6,51654.55,51270,51384.55,0
10/6/2023 15:30:00,51488.95,51725.4,51359.15,51577.9,0
10/9/2023 15:30:00,51333.7,51635.15,51188.35,51502.85,0
10/10/2023 15:30:00,51587,51845.05,51567.9,51803.95,0
10/11/2023 15:30:00,52016.05,52342.45,51913.2,52254.45,0
10/12/2023 15:30:00,52377.25,52491.4,52041.15,52363.95,0
10/13/2023 15:30:00,52240.1,52655.75,52130.05,52520.7,0
10/16/2023 15:30:00,52468.95,52588.3,52305.6,52401.95,0
10/17/2023 15:30:00,52494.85,52851.45,52383.45,52665.3,0
10/18/2023 15:30:00,52770.3,52772.8,52381.2,52442.05,0
10/19/2023 15:30:00,52170,52667.2,52077.1,52516.35,0
10/20/2023 15:30:00,52164.6,52400.6,51762.45,51823.35,0
10/23/2023 15:30:00,51771.7,51956.5,51335.05,51421.65,0
10/25/2023 15:30:00,51385.2,51619.6,50954.35,51216.85,0
10/26/2023 15:30:00,50969.35,51089.85,50607,50941.1,0
10/27/2023 15:30:00,50967.85,51502.45,50948.1,51395,0
10/30/2023 15:30:00,51330.15,51501.95,50951.95,51180.7,0
10/31/2023 15:30:00,51213.5,51418.45,51125.25,51262.6,0
11/1/2023 15:30:00,51391.6,51462.45,50997.4,51087.8,0
11/2/2023 15:30:00,51408.4,51633.9,51164.25,51589,0
11/3/2023 15:30:00,51777.05,51984.6,51660.25,51901.5,0
11/6/2023 15:30:00,52035.4,52166.35,51966.65,52075.7,0
11/7/2023 15:30:00,52089.9,52216.45,51934.25,52130,0
11/8/2023 15:30:00,52262.5,52498.65,52153.8,52455.2,0
11/9/2023 15:30:00,52537.85,52562.5,51946.15,51983,0
11/10/2023 15:30:00,51959.3,52129.15,51689.05,52076.05,0
11/13/2023 15:30:00,52170.95,52182.55,51917.65,52025.6,0
11/15/2023 15:30:00,52333.7,52434.9,52039.4,52383.45,0
11/16/2023 15:30:00,52390.8,52680.4,52225.55,52305.75,0
11/17/2023 15:30:00,52237.95,52809.75,52237.95,52756.1,0
11/20/2023 15:30:00,52842.1,52887.9,52431.1,52550.1,0
11/21/2023 15:30:00,52546.55,52651.6,52377.7,52466.2,0
11/22/2023 15:30:00,52551.45,52711.5,52312.3,52691.2,0
11/23/2023 15:30:00,52713.65,52888.7,52662.45,52823.05,0
11/24/2023 15:30:00,52889.5,52958.1,52548.6,52576.9,0
11/28/2023 15:30:00,52670.2,52691.9,52402.4,52489.5,0
11/29/2023 15:30:00,52592.75,52775.7,52533,52725.45,0
11/30/2023 15:30:00,52697.85,53193.35,52661.3,53013.8,0
12/1/2023 15:30:00,53199.25,53917.5,53131.65,53851.45,0
12/4/2023 15:30:00,54313.6,54397.55,53967.4,54237.7,0
12/5/2023 15:30:00,54476.5,54557.7,54039.6,54110.9,0
12/6/2023 15:30:00,54281.75,54872.9,54201.2,54662.55,0
12/7/2023 15:30:00,54678.55,54728.5,54088.2,54173.15,0
12/8/2023 15:30:00,54309.6,54491.3,53568.6,53636.35,0
12/11/2023 15:30:00,53790.45,54021.25,53558.8,53976.9,0
12/12/2023 15:30:00,54093,54372.8,53738.8,53837,0
12/13/2023 15:30:00,54047.75,54275.65,53776.6,54215.35,0
12/14/2023 15:30:00,54560.85,54564,53990.1,54361.45,0
12/15/2023 15:30:00,54542.05,54585.75,53963.25,54186.2,0
12/18/2023 15:30:00,54070.9,54122.25,53911.35,54017.05,0
12/19/2023 15:30:00,54201.95,54855.8,54145.05,54776.55,0
12/20/2023 15:30:00,55500.4,55581.4,54459.2,54597.9,0
12/21/2023 15:30:00,54350.2,54940.35,53970.6,54803.3,0
12/22/2023 15:30:00,54972.6,55143.05,54643.75,55101.05,0
12/26/2023 15:30:00,55271.75,55556.75,55189.85,55484.4,0
12/27/2023 15:30:00,55572.45,55813.3,55471.2,55750.35,0
12/28/2023 15:30:00,55866.75,56580.7,55789.05,56504.5,0
12/29/2023 15:30:00,56555.15,57055.8,56481.1,56987.2,0
1/1/2024 15:30:00,57127.55,57503.15,56899.4,57292.35,0
1/2/2024 15:30:00,57427.4,57430,56763.7,57209.5,0
1/3/2024 15:30:00,57130.5,57631.6,57058.45,57213.3,0
1/4/2024 15:30:00,57470.9,57922.2,57327.25,57703.9,0
1/5/2024 15:30:00,57945.1,57966.7,57455.85,57667.35,0
1/8/2024 15:30:00,57718.85,57748.35,56636.45,56672.85,0
1/9/2024 15:30:00,56868.3,56996.25,56487.65,56573.1,0
1/10/2024 15:30:00,56575.6,56794.85,56134.65,56348.95,0
1/11/2024 15:30:00,56476.4,56688,56123.8,56228.55,0
1/12/2024 15:30:00,56279.1,56559.9,56008,56485.75,0
1/15/2024 15:30:00,56795.4,56818.6,56317.45,56657.3,0
1/16/2024 15:30:00,56705.2,56872.5,56425.05,56755.85,0
1/17/2024 15:30:00,56477.65,56839.6,56191.7,56259.5,0
1/18/2024 15:30:00,56175.6,56228.2,55206.7,55953.6,0
1/19/2024 15:30:00,56296.3,56813.95,56085.3,56640.5,0
1/23/2024 15:30:00,56212.7,56284.4,54816.1,54973.9,0
1/24/2024 15:30:00,55130.3,55918.6,54859.9,55858.7,0
1/25/2024 15:30:00,55932.3,55981.6,54981.05,55214.1,0
1/29/2024 15:30:00,55058.15,55470.5,55047.7,55139.1,0
1/30/2024 15:30:00,55187.2,55501.4,54507.4,54574.35,0
1/31/2024 15:30:00,54634.25,55124.95,54501.35,55071.4,0
2/1/2024 15:30:00,55205.85,55792,55114.2,55215.8,0
2/2/2024 15:30:00,55347.4,55557.5,54992.9,55118.4,0
2/5/2024 15:30:00,55340.4,55387.9,54590.6,54698.4,0
2/6/2024 15:30:00,54860.15,54956.7,54372.6,54608.8,0
2/7/2024 15:30:00,55041.35,55041.35,54523.1,54772.6,0
2/8/2024 15:30:00,54774.6,54775.6,53317.25,53646.2,0
2/9/2024 15:30:00,53536.85,54007.8,53452.75,53867.1,0
2/12/2024 15:30:00,54005.55,54036,53231.5,53292.95,0
2/13/2024 15:30:00,53345.4,53534.8,53232.65,53432.05,0
2/14/2024 15:30:00,53224.35,53951.7,53138.4,53839.05,0
2/15/2024 15:30:00,53902,53997.65,53265.4,53321.35,0
2/16/2024 15:30:00,53465,53643.9,53186.7,53518.6,0
2/19/2024 15:30:00,53645.55,54121.6,53576,53943.3,0
2/20/2024 15:30:00,53981.4,54027.15,53552.55,53882.5,0
2/21/2024 15:30:00,53975.55,54226.85,53651.25,53892.35,0
2/22/2024 15:30:00,54189.3,54479.8,53581.8,54419.2,0
2/23/2024 15:30:00,54528.5,54561.55,54268.75,54337.75,0
2/26/2024 15:30:00,54312.6,54433.25,54074.55,54317.3,0
2/27/2024 15:30:00,54342.8,54456.65,54128.4,54306.45,0
2/28/2024 15:30:00,54406.3,54439.15,53742.65,53824.9,0
2/29/2024 15:30:00,53836.75,54113.3,53453.5,54015.6,0
3/1/2024 15:30:00,54272.85,54559.65,54062.6,54225.15,0
3/4/2024 15:30:00,54492.85,54588.55,54102.55,54221.75,0
3/5/2024 15:30:00,54224.55,54364.95,53580.1,53653.1,0
3/6/2024 15:30:00,53657.35,53946.9,53171.75,53879.6,0
3/7/2024 15:30:00,53914,54461.05,53637.1,54406.3,0
3/11/2024 15:30:00,54570.85,54628.6,53970.25,54087.45,0
3/12/2024 15:30:00,53944.05,53950.25,53382.35,53636.1,0
3/13/2024 15:30:00,54844.5,54962.5,53470.25,53664.15,0
3/14/2024 15:30:00,53504.4,54252.45,53280.2,54145.8,0
3/15/2024 15:30:00,54013.95,54464.95,53886.7,54155.45,0
3/18/2024 15:30:00,54144.3,54189.1,53805.85,53907.85,0
3/19/2024 15:30:00,53859.55,53915.1,52626.95,52740.9,0
3/20/2024 15:30:00,52726.5,53033.7,52562.6,52993.5,0
3/21/2024 15:30:00,53210.6,53423.6,52967.55,53338.35,0
3/22/2024 15:30:00,53312.9,53849.6,53305.05,53775.7,0
3/26/2024 15:30:00,53325.4,53784,53325.1,53687.7,0
3/27/2024 15:30:00,53737.95,53819.95,53491.1,53543.55,0
3/28/2024 15:30:00,53683.2,54251,53534.45,53949.2,0
4/1/2024 15:30:00,54078.2,54369.1,53828.1,53889.15,0
4/2/2024 15:30:00,54141.65,54141.65,53823.55,54096.95,0
4/3/2024 15:30:00,54056.2,54101.6,53522.9,53866.7,0
4/4/2024 15:30:00,54072.95,54116,53502.9,53634.45,0
4/5/2024 15:30:00,53718.2,54094.5,53569.65,53925.95,0
4/8/2024 15:30:00,54100.25,54228.9,53902.45,53966.05,0
4/9/2024 15:30:00,54081.1,54091.35,53552.65,53629.35,0
4/10/2024 15:30:00,53869.6,54370.5,53601.35,54290.9,0
4/12/2024 15:30:00,54244.45,54275.6,53653.45,53701.4,0
4/15/2024 15:30:00,53299.05,53475.15,52778.75,53174.95,0
4/16/2024 15:30:00,52996.55,53526.75,52937.25,53402.25,0
4/18/2024 15:30:00,53482.9,53571.75,52719.7,52825.5,0
4/19/2024 15:30:00,52530,53229.75,52398.75,53055.45,0
4/22/2024 15:30:00,53318.9,53594.6,53128.2,53499.45,0
4/23/2024 15:30:00,53622,54037.95,53523.45,53905.3,0
4/24/2024 15:30:00,53755.35,54033.95,53731.6,53932.5,0
4/25/2024 15:30:00,53998.45,54358.2,53642.05,54291.65,0
4/26/2024 15:30:00,54441.5,54601.6,54119.75,54300.75,0
4/29/2024 15:30:00,54527.15,54557.25,54125.5,54332.15,0
4/30/2024 15:30:00,54519.5,54670.3,54181.95,54240.6,0
5/2/2024 15:30:00,54155.15,54757.35,54154.9,54490.55,0
5/3/2024 15:30:00,54688.85,54702.55,53913.3,54273.9,0
5/6/2024 15:30:00,54544.15,54697.7,54149.5,54660.15,0
5/7/2024 15:30:00,54942.6,56222.75,54855.8,55765.55,0
5/8/2024 15:30:00,55704.3,56124.3,55569.7,56008.8,0
5/9/2024 15:30:00,55924.6,56020.35,54533.45,54625.1,0
5/10/2024 15:30:00,54739.25,55407.1,54601.75,55276.5,0
5/13/2024 15:30:00,55386.95,55525.9,54816.85,55340.7,0
5/14/2024 15:30:00,55320.35,55504.45,55011.75,55054.3,0
5/15/2024 15:30:00,55172,55292.35,54507.7,54555.95,0
5/16/2024 15:30:00,54757.3,55066.2,54159.35,54997,0
5/17/2024 15:30:00,55094.95,55136.6,54735.45,55064.7,0
5/21/2024 15:30:00,54998.65,55139.55,54764.55,54969.25,0
5/22/2024 15:30:00,55154.9,55898.45,55067.8,55753.9,0
5/23/2024 15:30:00,55925.3,56062,55400.6,55899,0
5/24/2024 15:30:00,55847.25,55894.55,55369.55,55449.15,0
5/27/2024 15:30:00,55649.6,55708.7,55194.55,55260.5,0
5/28/2024 15:30:00,55328.7,55461.3,55136.55,55271.95,0
5/29/2024 15:30:00,54920.7,55254.7,54918.25,54974.25,0
5/30/2024 15:30:00,54776.5,54933.05,54095.25,54280.1,0
5/31/2024 15:30:00,54510.8,54588.7,53897.7,54107.35,0
6/3/2024 15:30:00,55139,55184.85,54552.15,54653.6,0
6/4/2024 15:30:00,54633.8,55446.3,53057.65,55172.5,0
6/5/2024 15:30:00,55799,58832.65,55646.95,57567.4,0
6/6/2024 15:30:00,57851.65,57862,56736.8,57373.6,0
6/7/2024 15:30:00,57282.6,58075.45,57201.55,57953.35,0
6/10/2024 15:30:00,58038.15,58266.05,57769.2,57991.75,0
6/11/2024 15:30:00,58081.15,58233.65,57725.15,57792.85,0
6/12/2024 15:30:00,57886.25,57945.4,57446.75,57495.55,0
6/13/2024 15:30:00,57676.25,57679.25,57059.25,57117,0
6/14/2024 15:30:00,57162.05,57401.25,57051.45,57225.85,0
6/18/2024 15:30:00,57370.85,57490.65,57039,57167.4,0
6/19/2024 15:30:00,57373.3,57409.8,56555.85,56646.55,0
6/20/2024 15:30:00,56705.1,56895.2,56352.2,56669.65,0
6/21/2024 15:30:00,56737.55,56761.3,55906.65,55990.1,0
6/24/2024 15:30:00,55958.1,56463,55837.4,56392.7,0
6/25/2024 15:30:00,56457.65,56544.05,56084.55,56246.35,0
6/26/2024 15:30:00,56257.7,56609.8,56089.8,56465.2,0
6/27/2024 15:30:00,56427.7,56787.6,56230.75,56670.6,0
6/28/2024 15:30:00,56709.1,57007.45,56560.35,56756.85,0
7/1/2024 15:30:00,56745.5,57234.4,56672.8,57154.7,0
7/2/2024 15:30:00,57360.65,57374,56473.95,56669.2,0
7/3/2024 15:30:00,56850.5,57276.65,56805.15,57177.55,0
7/4/2024 15:30:00,57325.7,57446.05,57030.35,57058.4,0
7/5/2024 15:30:00,57102.35,57737.75,57048.75,57673,0
7/8/2024 15:30:00,57888.45,58673.95,57748.95,58611.2,0
7/9/2024 15:30:00,59018,59425.75,58673,59182.65,0
7/10/2024 15:30:00,59219.4,59545.75,58687.15,59349.6,0
7/11/2024 15:30:00,59403.3,59587.6,58980.75,59516.7,0
7/12/2024 15:30:00,59576.7,59885.4,59414.85,59725.75,0
7/15/2024 15:30:00,59805.15,60141.25,59603.2,60070.7,0
7/16/2024 15:30:00,60144.25,60875.15,60004,60645.15,0
7/18/2024 15:30:00,60482.45,61281.4,60416.25,61225.35,0
7/19/2024 15:30:00,61286.45,61491.4,60840.45,61087.9,0
7/22/2024 15:30:00,60968.25,61454.2,60743.7,60881.75,0
7/23/2024 15:30:00,61028,62755,60850.6,62511.25,0
7/24/2024 15:30:00,62627.7,62731.8,61908.6,62182.35,0
7/25/2024 15:30:00,61912.5,62342.2,61599.15,62139.5,0
7/26/2024 15:30:00,62483.5,62928.6,61829.75,62728.8,0
7/29/2024 15:30:00,63016.45,63084.3,62311.85,62513.85,0
7/30/2024 15:30:00,62627.15,62915.95,61777.8,61819,0
7/31/2024 15:30:00,62143.3,62264.6,61841.5,62082.2,0
8/1/2024 15:30:00,62173.5,62264.1,61948.9,62173.2,0
8/2/2024 15:30:00,61659.05,62639.55,61632.85,61745.15,0
8/5/2024 15:30:00,60877.25,62156.55,60818.8,61550.45,0
8/6/2024 15:30:00,61654.8,62291.35,61516.5,61604.15,0
8/7/2024 15:30:00,62112.2,62545.6,61997.45,62322.65,0
8/8/2024 15:30:00,62480.8,62503.25,61880.8,62042.55,0
8/9/2024 15:30:00,62479.55,62488.4,62029.85,62157.35,0
8/12/2024 15:30:00,61840.25,62163.8,61553.4,61668.45,0
8/13/2024 15:30:00,61768.1,61978.65,61326.8,61495.75,0
8/14/2024 15:30:00,61642.3,61730.4,61092.25,61305.3,0
8/16/2024 15:30:00,61450,62303.45,61315.6,62213,0
8/19/2024 15:30:00,62433.25,62640.4,62228.8,62326.05,0
8/20/2024 15:30:00,62381.2,62473.05,61996.6,62240.6,0
8/21/2024 15:30:00,62380.4,63212.55,62310.8,63091.9,0
8/22/2024 15:30:00,63424.8,63620.9,63155.1,63483.6,0
8/23/2024 15:30:00,63586.65,63700.75,63134.75,63409.25,0
8/26/2024 15:30:00,63480,63782.5,63173.3,63657.95,0
8/27/2024 15:30:00,63744.9,63805.95,62952.6,62981.15,0
8/28/2024 15:30:00,62994.3,63069.9,62563.55,62713.6,0
8/29/2024 15:30:00,62825.8,63355.6,62661.3,63162.95,0
8/30/2024 15:30:00,63144.7,63585.95,62891.5,63059.75,0
9/2/2024 15:30:00,63306.2,63768.9,63289.45,63578.6,0
9/3/2024 15:30:00,63605.5,64058,63391.3,63485.75,0
9/4/2024 15:30:00,62906.45,63821.3,62906.45,63742.9,0
9/5/2024 15:30:00,63867.5,64015.5,63554.6,63700.4,0
9/6/2024 15:30:00,63694.9,63908.5,62905.8,63175.7,0
9/9/2024 15:30:00,63275.65,64540.3,63169.45,64465.85,0
9/10/2024 15:30:00,64701.45,64883.9,64348.4,64584.95,0
9/11/2024 15:30:00,64654,65344.6,64481.6,64768.15,0
9/12/2024 15:30:00,64958.65,65597.85,64697.7,65513.2,0
9/13/2024 15:30:00,65616.25,65616.25,64912.05,65062.8,0
9/16/2024 15:30:00,65026.1,65026.1,64322.4,64597,0
9/17/2024 15:30:00,64643.8,65199.75,64489.65,64686.45,0
9/18/2024 15:30:00,64722.55,64988.75,64261.95,64615.05,0
9/19/2024 15:30:00,64826.2,65458.65,64768.1,64975.8,0
9/20/2024 15:30:00,65272.3,65974.6,65043.25,65870.8,0
9/23/2024 15:30:00,66008.8,66438.7,65787.35,66305.2,0
9/24/2024 15:30:00,66276.35,66324.85,65697.3,65796.65,0
9/25/2024 15:30:00,65817.2,65854.3,64970.15,65521.7,0
9/26/2024 15:30:00,65604.4,66218.85,65496.35,66156.9,0
9/27/2024 15:30:00,65967,66427.7,65530.65,65845.45,0
9/30/2024 15:30:00,65744.45,66122.15,65413.7,65540.35,0
10/1/2024 15:30:00,65546.85,65685,65029.55,65470.95,0
10/3/2024 15:30:00,64687.8,65076.4,64392.6,64502.05,0
10/4/2024 15:30:00,64371.15,64683.5,63266.95,63380.05,0
10/7/2024 15:30:00,63522.65,63688.15,62894.25,63028.35,0
10/8/2024 15:30:00,63014.15,63562.75,62895.35,63326.55,0
10/9/2024 15:30:00,63515.1,63517.55,62190.75,62334.35,0
10/10/2024 15:30:00,62640.2,62672.35,61841.85,62056.3,0
10/11/2024 15:30:00,62257.65,62312.45,61849.6,62080.2,0
10/14/2024 15:30:00,62368.45,62439.05,61881.25,62372.3,0
10/15/2024 15:30:00,62494.15,62683.2,62112.45,62607.7,0
10/16/2024 15:30:00,62560.15,62572.05,62081.25,62373.25,0
10/17/2024 15:30:00,62409,62423.8,61280.75,61352.75,0
10/18/2024 15:30:00,61372.5,61409.4,60453.2,61042.1,0
10/21/2024 15:30:00,60929,60990.5,59908.2,60280.25,0
10/22/2024 15:30:00,60293.25,60562.65,59892.85,60000.95,0
10/23/2024 15:30:00,59712.2,60352.15,59712.2,60097.65,0
10/24/2024 15:30:00,60171.8,60186.4,58253.2,58396.9,0
10/25/2024 15:30:00,58724.9,59465.55,58681.2,58908.5,0
10/28/2024 15:30:00,58984.1,59518.95,58571.3,59252.65,0
10/29/2024 15:30:00,59354.5,59389.9,58694.95,59203.85,0
10/30/2024 15:30:00,59269.95,59837.05,59195.6,59748.9,0
10/31/2024 15:30:00,59773.6,59882.35,58983.75,59203,0
11/4/2024 15:30:00,59579.1,59589.9,58398.95,58743.7,0
11/5/2024 15:30:00,58601.5,58871.25,58242.35,58542.2,0
11/6/2024 15:30:00,58608.55,58962.4,58441.2,58754.8,0
11/7/2024 15:30:00,58816.3,58917.35,58059.95,58180.25,0
11/8/2024 15:30:00,58241.4,58431.65,57854.85,58359.4,0
11/11/2024 15:30:00,58327.15,58533.25,57575.15,57843.95,0
11/12/2024 15:30:00,57925.15,57960.05,56796.45,56902.55,0
11/13/2024 15:30:00,56730.95,56855.7,56489.1,56647.85,0
11/14/2024 15:30:00,56634.75,56774.05,55689.2,55782.7,0
11/18/2024 15:30:00,56029.5,56420.95,55546.45,56314.35,0
11/19/2024 15:30:00,56554.75,57012.9,56268.5,56378.55,0
11/21/2024 15:30:00,56168.9,56281.95,55493.25,55693.7,0
11/22/2024 15:30:00,55700.25,57088.4,55542.95,56956.45,0
11/25/2024 15:30:00,57443.5,57902.2,57214.1,57358.2,0
11/26/2024 15:30:00,57688.1,58038.25,57410.25,57838.25,0
11/27/2024 15:30:00,57912.25,58093.55,57430.55,58028.6,0
11/28/2024 15:30:00,58068.5,58788.85,57444.8,57706.05,0
11/29/2024 15:30:00,57475.95,58120.45,57475.95,57943.7,0
12/2/2024 15:30:00,57839.3,58090.8,57543.55,57917,0
12/3/2024 15:30:00,57278.25,57767.65,57056.8,57689.2,0
12/4/2024 15:30:00,57813.7,58005.9,57170.35,57270.35,0
12/5/2024 15:30:00,57358.6,57922.9,56861.25,57605.2,0
12/6/2024 15:30:00,57742.9,57997.55,57602.1,57744.3,0
12/9/2024 15:30:00,57481.95,57562.8,56305.95,56460.6,0
12/10/2024 15:30:00,56582.8,56697.4,56383.8,56530.25,0
12/11/2024 15:30:00,56716.3,56898.7,56514.45,56766.8,0
12/12/2024 15:30:00,56701.15,56885.75,56059.55,56146.7,0
12/13/2024 15:30:00,56088.7,56997.45,55455.15,56869.4,0
12/16/2024 15:30:00,56946,57062.55,56517.45,56697.2,0
12/17/2024 15:30:00,56625.45,56842.1,56205,56467.45,0
12/18/2024 15:30:00,56578.35,56685.6,56277.25,56467.8,0
12/19/2024 15:30:00,56145.95,56570.6,56042.65,56157.9,0
12/20/2024 15:30:00,56151.85,56309.7,55472.45,55600.8,0
12/23/2024 15:30:00,55970.15,56304.45,55701,56135.05,0
12/24/2024 15:30:00,56151.05,56586.45,56008.65,56439.3,0
12/26/2024 15:30:00,56517.4,56603.6,56139,56258,0
12/27/2024 15:30:00,56436.75,56615.8,56220.15,56444.25,0
12/30/2024 15:30:00,56545.25,56827.6,56278.7,56618.4,0
12/31/2024 15:30:00,56576.25,56845.8,56278.5,56799.65,0
1/1/2025 15:30:00,56884.05,57129.9,56767.35,57017.65,0
1/2/2025 15:30:00,57129.15,57718.15,56846.35,57671.35,0
1/3/2025 15:30:00,57903.05,57923.5,57410.05,57817,0
1/6/2025 15:30:00,57837.3,57853.25,56547.75,56714.4,0
1/7/2025 15:30:00,56852.25,57126.6,56667.85,56719.55,0
1/8/2025 15:30:00,56831.25,57087.6,56158.4,56967.6,0
1/9/2025 15:30:00,56953.8,58238.1,56764.5,57495.6,0
1/10/2025 15:30:00,57449.9,57607.55,56936.6,57117.7,0
1/13/2025 15:30:00,56334.5,56925.5,56332.8,56420.15,0
1/14/2025 15:30:00,56567.3,56622.15,55537.6,55627.2,0
1/15/2025 15:30:00,55746.85,55832.15,55190.25,55549.85,0
1/16/2025 15:30:00,55771.75,55834,54922.45,55240,0
1/17/2025 15:30:00,55332.2,56005.1,55142.55,55800.85,0
1/20/2025 15:30:00,55824.25,55952.85,55462,55738.05,0
1/21/2025 15:30:00,55914.55,56372.1,55516.65,55622.65,0
1/22/2025 15:30:00,55815.55,56055.7,55427.75,55596.05,0
1/23/2025 15:30:00,55308.15,55951.25,54770.15,55781.8,0
1/24/2025 15:30:00,55908.95,56359.45,55679,56069.35,0
1/27/2025 15:30:00,55832.05,56227.3,55463,55654.5,0
1/28/2025 15:30:00,55742.25,55799.15,55269.25,55441.95,0
1/29/2025 15:30:00,55444.8,55673.9,54757,55163.05,0
1/30/2025 15:30:00,55212.45,55803,55168.55,55558.95,0
1/31/2025 15:30:00,55572.45,56791.35,55551.85,56691.95,0
2/3/2025 15:30:00,58276.3,58475.1,57110.3,57419.55,0
2/4/2025 15:30:00,57701.85,57793.7,56859.65,57274.7,0
2/5/2025 15:30:00,57339.1,57392.25,56311.5,56383.75,0
2/6/2025 15:30:00,56592.9,56607.35,55646.5,55841.8,0
2/7/2025 15:30:00,55904,56140.65,54822.05,55113.3,0
2/10/2025 15:30:00,55081.1,55513.2,54657.2,54856.65,0
2/11/2025 15:30:00,55012.1,55117.2,53505.6,53794.25,0
2/12/2025 15:30:00,53741.8,53962.2,53114.1,53739,0
2/13/2025 15:30:00,53713.65,53944.9,53221.1,53314.75,0
2/14/2025 15:30:00,53444.7,53912.6,52993.35,53138.55,0
2/17/2025 15:30:00,53011.75,53080.1,52644.75,52945,0
2/18/2025 15:30:00,52897.55,53104,52383.85,52480.5,0
2/19/2025 15:30:00,52346.7,52606.6,52096.2,52360.45,0
2/20/2025 15:30:00,52035.25,52379.15,51905.3,52337.3,0
2/21/2025 15:30:00,52362.4,52443.5,51893.25,52098.15,0
2/24/2025 15:30:00,51753.75,52340.2,51729.5,52285.8,0
2/25/2025 15:30:00,52223.9,52645.4,52158.9,52453.35,0
2/27/2025 15:30:00,52453.35,52579.1,51875.35,52055.15,0
2/28/2025 15:30:00,51796.65,51918.2,50546.85,50689,0
3/3/2025 15:30:00,50739.75,50856.8,50287.9,50786.65,0
3/4/2025 15:30:00,50494.3,50602.6,50199.35,50524.25,0
3/5/2025 15:30:00,50397.3,51613.95,50397.3,51279.1,0
3/6/2025 15:30:00,51597.55,51966,51108.95,51890.3,0
3/7/2025 15:30:00,51804.95,52005.2,51533.75,51891.8,0
3/10/2025 15:30:00,51789.6,52426.65,51545.55,52006.4,0
3/11/2025 15:30:00,51670.3,52224.6,51612,51951.45,0
3/12/2025 15:30:00,51973.9,52097.1,51663.95,51957.25,0
3/13/2025 15:30:00,52047.25,52327.6,51781.75,51879.25,0
3/17/2025 15:30:00,51777.15,52280.65,51545.35,51773.15,0
3/18/2025 15:30:00,52075,52658.6,51949.05,52475,0
3/19/2025 15:30:00,52612.35,52677.2,52151.9,52184.1,0
3/20/2025 15:30:00,52443.45,53035.4,52214.55,52857.9,0
3/21/2025 15:30:00,53066.25,53096.15,52670.6,52986.05,0
3/24/2025 15:30:00,53185.05,53349.3,53014.85,53232.75,0
3/25/2025 15:30:00,53307.1,53601.65,52990.1,53131.3,0
3/26/2025 15:30:00,53229.45,53291.55,52872.3,52988.5,0
3/27/2025 15:30:00,53002.55,53475.05,52649.2,53276.6,0
3/28/2025 15:30:00,53198.8,54150.9,53198.8,53589.8,0
4/1/2025 15:30:00,53615.15,54029.9,52982.8,53101.75,0
4/2/2025 15:30:00,53286.6,53738.45,52851.5,53702.6,0
4/3/2025 15:30:00,53330.25,53861.8,53283.35,53806.75,0
4/4/2025 15:30:00,53603.7,54223.35,53310,53830.7,0
4/7/2025 15:30:00,51201.9,53395.45,51201.9,53241.15,0
4/8/2025 15:30:00,53800.05,54531.4,53557.35,54300.25,0
4/9/2025 15:30:00,54365.25,55412.2,54280.85,55264.75,0
4/11/2025 15:30:00,55939.55,55960.5,55234.15,55741.1,0
4/15/2025 15:30:00,56620.05,56620.5,55537.15,55896.95,0
4/16/2025 15:30:00,55694.65,56435.95,55694.65,56345.6,0
4/17/2025 15:30:00,56303.15,56728.3,56008.65,56674.2,0
4/21/2025 15:30:00,56768.35,56789.75,56084.8,56130.2,0
4/22/2025 15:30:00,56471,57282.2,56263.55,57193.8,0
4/23/2025 15:30:00,57436.35,57559.25,57128.75,57497.9,0
4/24/2025 15:30:00,57582.65,58048.2,56784.45,56887.55,0
4/25/2025 15:30:00,56926.9,57121.8,55976.95,56532.35,0
4/28/2025 15:30:00,56432.95,56767.1,56313.35,56620.3,0
4/29/2025 15:30:00,56693.8,56744.5,56246.3,56474.5,0
4/30/2025 15:30:00,56492,56826.25,56150.3,56445.35,0
5/2/2025 15:30:00,56242.15,56588.3,55875.8,56170.65,0
5/5/2025 15:30:00,56417.95,57047.95,56360.55,56936.2,0
5/6/2025 15:30:00,56943.45,57197.7,56715.55,56883.4,0
5/7/2025 15:30:00,56501.65,56756.6,56302.25,56590.25,0
5/8/2025 15:30:00,56410.4,56487.3,55805.6,56020.7,0
5/9/2025 15:30:00,55203.2,55703.7,55038.5,55633,0
5/12/2025 15:30:00,56498.15,57160.7,56354.8,57101.4,0
5/13/2025 15:30:00,57061.3,57363.6,56208.8,56334.15,0
5/14/2025 15:30:00,56340.4,56596.95,56040.7,56351.7,0
5/15/2025 15:30:00,56410.15,56939.55,56063.3,56685.95,0
5/16/2025 15:30:00,56909.8,57090.45,56590.9,57061.8,0
5/19/2025 15:30:00,57038.35,57370.75,56805.85,56955.7,0
5/20/2025 15:30:00,57209.65,57229.05,56142.65,56206.25,0
5/21/2025 15:30:00,56369.4,56753.5,56235.2,56413.15,0
5/22/2025 15:30:00,56326.9,56334,55305.2,55598.05,0
5/23/2025 15:30:00,56022,56679.75,55789.85,56502.05,0
5/26/2025 15:30:00,56678.5,57084.95,56614.7,57049.7,0
5/27/2025 15:30:00,57133.55,57204.1,56236.85,56547.6,0
5/28/2025 15:30:00,55890.7,55970.8,55618.35,55703.85,0
5/29/2025 15:30:00,55846.7,55881.4,55309.2,55630.45,0
5/30/2025 15:30:00,55608.4,55736.85,55201.8,55283,0
6/2/2025 15:30:00,55350.15,55827.6,55348.15,55732.55,0
6/3/2025 15:30:00,55785.7,55983.3,55336.7,55460.8,0
6/4/2025 15:30:00,55542.95,55678.65,55279.5,55530.55,0
6/5/2025 15:30:00,55660.3,55854.9,55323.2,55632.45,0
6/6/2025 15:30:00,55737.85,55842.05,55564.15,55802.7,0
6/9/2025 15:30:00,55974.15,56079.25,55686.25,56026.1,0
6/10/2025 15:30:00,56178.2,56331.8,55952.85,56198.8,0
6/11/2025 15:30:00,56128.8,56208.4,55749.25,55820.6,0
6/12/2025 15:30:00,56019.4,56020.25,55005.15,55104.1,0
6/13/2025 15:30:00,54373.6,54688.6,54349.15,54527.15,0
6/16/2025 15:30:00,54534.7,54908.55,54414.45,54873.3,0
6/17/2025 15:30:00,54842,54932.05,54540.05,54708.75,0
6/18/2025 15:30:00,54647.15,54804.8,54284.3,54452.4,0
6/19/2025 15:30:00,54418.7,54603.75,54158.35,54283.5,0
6/20/2025 15:30:00,54316.9,54690.05,54265.7,54630.95,0
6/23/2025 15:30:00,54395.3,54459.1,54066.05,54226.85,0
6/24/2025 15:30:00,54597,54792.85,54303.3,54346.3,0
6/25/2025 15:30:00,54575.25,54892.35,54518.45,54747.25,0
6/26/2025 15:30:00,54882.8,55165.9,54709.2,55118.8,0
6/27/2025 15:30:00,55246.5,55298.35,55044.75,55109,0
6/30/2025 15:30:00,55203.5,55268.15,54698.15,54883.9,0
7/1/2025 15:30:00,54997.5,55022.05,54396.95,54502.95,0
7/2/2025 15:30:00,54620.6,54643.5,54293.9,54439.7,0
7/3/2025 15:30:00,54570.95,54802.9,54379.5,54515.75,0
7/4/2025 15:30:00,54699.2,54799.35,54550.1,54735.6,0
7/7/2025 15:30:00,54874,55691.75,54859.95,55652.85,0
7/8/2025 15:30:00,55624.35,55753,55283,55504,0
7/9/2025 15:30:00,55526.4,56028.15,55523.45,55946.2,0
7/10/2025 15:30:00,56026.6,56074.85,55576.7,55628.2,0
7/11/2025 15:30:00,56023.35,56349.9,55792.4,55910.25,0
7/14/2025 15:30:00,55903.7,56080.55,55743,56025.6,0
7/15/2025 15:30:00,56170.6,56465.8,56033.35,56429.05,0
7/16/2025 15:30:00,56452.9,56791.5,56286.05,56685.55,0
7/17/2025 15:30:00,56751.2,57017.15,56665.4,56843.05,0
7/18/2025 15:30:00,56943.35,56943.35,56388.2,56506.9,0
7/21/2025 15:30:00,56496.85,56541.8,56086.55,56222.7,0
7/22/2025 15:30:00,56286.8,56288.55,55939.35,56003.95,0
7/23/2025 15:30:00,56163.75,56221.3,55586.65,55710.35,0
7/24/2025 15:30:00,55859.6,56015.5,55020.95,55085.85,0
7/25/2025 15:30:00,55046,55046,54463.3,54579.95,0
7/28/2025 15:30:00,54593.75,55050.25,54510.65,54732.95,0
7/29/2025 15:30:00,54733,54943.6,54473.3,54891.15,0
7/30/2025 15:30:00,54906.7,55105.25,54730.6,55020.4,0
7/31/2025 15:30:00,54695.8,56120.4,54694.9,55812.15,0
8/1/2025 15:30:00,55982,57032.9,55974.8,56197.05,0
8/4/2025 15:30:00,56336.65,56431.3,55979.1,56139.65,0
8/5/2025 15:30:00,56202.45,56231.4,55584.85,55733.7,0
8/6/2025 15:30:00,55728.55,55778.6,55097.35,55230.8,0
8/7/2025 15:30:00,55156.35,55430.25,54950.9,55298.5,0
8/8/2025 15:30:00,55343.95,55517.9,54844.65,54900.95,0
8/11/2025 15:30:00,54855.3,55352.6,54630.9,55309.9,0
8/12/2025 15:30:00,55336.5,55596.65,54973.4,55034.45,0
8/13/2025 15:30:00,55135,55229.55,54771.5,55010.15,0
8/14/2025 15:30:00,55089.05,55139.55,54573.75,54656.3,0
8/18/2025 15:30:00,55379.8,55775.4,55223.9,55304.25,0
8/19/2025 15:30:00,55382.1,55966.4,55154.7,55886.65,0
8/20/2025 15:30:00,55854.4,56786.65,55675.75,56664.05,0
8/21/2025 15:30:00,56713.3,56719.8,56204.85,56303.05,0
8/22/2025 15:30:00,56303.6,56429,55694.4,55737.45,0
8/25/2025 15:30:00,55879.4,55894.05,55541,55681.65,0
8/26/2025 15:30:00,55580.3,56425.15,55578.1,56187,0
8/28/2025 15:30:00,56595.5,56595.5,55521.3,55612.95,0
8/29/2025 15:30:00,55687.25,56565,55594.45,56141.85,0
9/1/2025 15:30:00,56140,56212.15,55901.3,56175.2,0
9/2/2025 15:30:00,56210.2,56882.6,56191.7,56806.6,0
9/3/2025 15:30:00,56955.9,57063.25,56702.9,56969.2,0
9/4/2025 15:30:00,58485.05,58485.05,57019.55,57104.05,0
9/5/2025 15:30:00,57176.15,57217.75,56012,56292.1,0
9/8/2025 15:30:00,56332.75,56617.75,56133.1,56171.3,0
9/9/2025 15:30:00,56338.15,56554.2,56074.9,56497.25,0
9/10/2025 15:30:00,56611.45,56906.9,56384.35,56856.85,0
9/11/2025 15:30:00,56844.35,57124.85,56800.5,56960.6,0
9/12/2025 15:30:00,56991.8,57065.5,56430.5,56557.15,0
9/15/2025 15:30:00,56516.2,56673.2,56430.45,56551.35,0
9/16/2025 15:30:00,56634.3,56700.8,56292.65,56398.65,0
9/17/2025 15:30:00,56562.7,56678.35,56213.75,56321,0
9/18/2025 15:30:00,56448.85,56643.45,56293.1,56522.35,0
9/19/2025 15:30:00,56594.55,56640.7,56191.75,56273.05,0
9/22/2025 15:30:00,56357,56425.5,55859.5,56006.75,0
9/23/2025 15:30:00,56025.45,56127.35,55242.75,55281.55,0
9/24/2025 15:30:00,55290.1,55703.95,55110.2,55378.95,0
9/25/2025 15:30:00,55424.75,55656,55031.65,55108,0
9/26/2025 15:30:00,55031.55,55199.55,54776.95,54847.55,0
9/29/2025 15:30:00,54861.6,55007.1,54343.75,54945.8,0
9/30/2025 15:30:00,54974.55,55069.25,54522.2,54710.7,0
10/1/2025 15:30:00,54776.45,55149.05,54455.2,55105.35,0
10/3/2025 15:30:00,55062.95,55213.05,54679,55170.6,0
10/6/2025 15:30:00,55049.75,55138.6,54830.35,55057.65,0
10/7/2025 15:30:00,55114.65,55254.45,54695.3,54763.85,0
10/8/2025 15:30:00,54609.45,54764,54367.85,54489.65,0
10/9/2025 15:30:00,54410.65,54752.95,54364.9,54707.45,0
10/10/2025 15:30:00,54696.6,55023.2,54595.95,54966.45,0
10/13/2025 15:30:00,54735.05,54941.75,54368.5,54473.85,0
10/14/2025 15:30:00,54530.95,54610.6,54142.3,54213.75,0
10/15/2025 15:30:00,54295.3,54837.8,54270.35,54748.7,0
10/16/2025 15:30:00,54799.55,55902.3,54733.05,55853.9,0
10/17/2025 15:30:00,55862.7,56834.95,55840.4,56616.4,0
10/20/2025 15:30:00,56737.6,57025.65,56533.9,56597.15,0
10/21/2025 15:30:00,56678.9,56797.3,56536.95,56609.15,0
10/23/2025 15:30:00,56826.9,57445.2,56689.9,56772.45,0
10/24/2025 15:30:00,56701.55,56701.55,55926.5,56348.1,0
10/27/2025 15:30:00,56385.45,56631.3,56265.6,56428.95,0
10/28/2025 15:30:00,56481.7,56602.2,55851.85,56110.05,0
10/29/2025 15:30:00,56250.3,56663.85,56127.4,56615.35,0
10/30/2025 15:30:00,56661.15,56690.35,56099.95,56343.5,0
10/31/2025 15:30:00,56533.25,56756.15,56168.2,56208.5,0
11/3/2025 15:30:00,56203.35,56384.7,55713.5,56153.7,0
11/4/2025 15:30:00,56177.25,56188.15,55735.1,55815.6,0
11/6/2025 15:30:00,56123.75,56273.7,55617.3,55711.75,0
11/7/2025 15:30:00,55497.65,55712.1,55306.85,55437.2,0
11/10/2025 15:30:00,55425.95,55652.35,55291.45,55334.45,0
11/11/2025 15:30:00,55347.3,55588.35,55048.45,55523.05,0
11/12/2025 15:30:00,55629.95,55639.75,55327.25,55529.2,0
11/13/2025 15:30:00,55594.8,55616.7,55209.8,55243.5,0
11/14/2025 15:30:00,55153.6,55621.25,54914.6,55560.8,0
11/17/2025 15:30:00,55769.75,55897.55,55534.4,55677.15,0
11/18/2025 15:30:00,55652.4,55739.6,55185.1,55363.45,0
11/19/2025 15:30:00,55349,55469.15,55260.65,55380.8,0
11/20/2025 15:30:00,55460.55,55863.25,55362.45,55426.7,0
11/21/2025 15:30:00,55394.95,55605.05,55240.65,55504.7,0
11/24/2025 15:30:00,55630.9,55636.85,55080.35,55138.15,0
11/25/2025 15:30:00,55135.25,55258.65,54850.35,55052.1,0
11/26/2025 15:30:00,54952.95,55477.9,54952.95,55442.6,0
11/27/2025 15:30:00,55526.4,55638.5,55264.85,55470.55,0
11/28/2025 15:30:00,55475.55,55638.75,55443.8,55595.8,0
12/1/2025 15:30:00,55515.65,55695.35,55248,55500.5,0
12/2/2025 15:30:00,55463.5,55678.95,55269.1,55390.95,0
12/3/2025 15:30:00,55415.55,55447.3,54732.35,54949.1,0
12/4/2025 15:30:00,54932.5,55266.25,54709.05,55209.3,0
12/5/2025 15:30:00,55147.25,55254.2,54476.65,55202.85,0
12/8/2025 15:30:00,55235.95,55282.55,54377.6,54540.5,0
12/9/2025 15:30:00,54448.2,54723.3,54134.5,54521.2,0
12/10/2025 15:30:00,54545.1,54903.95,54447.2,54506,0
12/11/2025 15:30:00,54485.4,54712.3,54246.9,54619.65,0
12/12/2025 15:30:00,54671.05,54744.7,54236.05,54490.8,0
12/15/2025 15:30:00,54473.45,54930.8,54264.75,54868.4,0
12/16/2025 15:30:00,54799.45,55324.9,54699.95,54863.45,0
12/17/2025 15:30:00,54772.2,54938.9,54515.75,54603.4,0
12/18/2025 15:30:00,54623,54683.8,54323.9,54546.45,0
12/19/2025 15:30:00,54507,54854.85,54507,54781.35,0
12/22/2025 15:30:00,54885.05,55133.8,54821,55062.65,0
12/23/2025 15:30:00,55103.6,55431,54912.5,55348.65,0
12/24/2025 15:30:00,55363.15,55383.4,55019.95,55113.75,0
12/26/2025 15:30:00,55083.85,55233.35,54957.25,55132.05,0
12/29/2025 15:30:00,55143.25,55227.15,54969.4,55192.45,0
12/30/2025 15:30:00,55231.35,55246.95,54918.55,55033.15,0
12/31/2025 15:30:00,55069,55559.05,55055.1,55475.65,0
1/1/2026 15:30:00,55538.45,55552.9,53478.7,53718.5,0
1/2/2026 15:30:00,53562.5,53579.4,52741.85,53078.8,0
1/5/2026 15:30:00,53054.95,53573.75,52885.6,53441.1,0
1/6/2026 15:30:00,53538.8,53637.75,53152.7,53561.95,0
1/7/2026 15:30:00,53636.2,53782.6,53319.6,53493.8,0
1/8/2026 15:30:00,53419.65,53515.65,52922.1,53010.15,0
1/9/2026 15:30:00,52918.25,53083.5,52332.65,52438.15,0
1/12/2026 15:30:00,52381.25,52814.85,52271.75,52745.5,0
1/13/2026 15:30:00,52816.4,53007.15,52326.25,52577.15,0
1/14/2026 15:30:00,52608.8,52608.8,52162.35,52258.65,0
1/16/2026 15:30:00,52510.9,52601.45,52038.6,52142.5,0
1/19/2026 15:30:00,52015.05,52669.95,51902.3,52489.95,0
1/20/2026 15:30:00,52586.15,52616.85,51595.65,51713,0
1/21/2026 15:30:00,51563.35,51962,51217.2,51402.5,0
1/22/2026 15:30:00,51582.05,52095.3,51560.5,51978.4,0
1/23/2026 15:30:00,52135.6,52217.5,51594.1,51662.05,0
1/27/2026 15:30:00,51692.2,51741.4,51126.75,51349.75,0
1/28/2026 15:30:00,51449.75,51579.25,50510.65,50985.45,0
1/29/2026 15:30:00,50971.45,51002,50076.05,50523.9,0
1/30/2026 15:30:00,50420.5,51339.45,50311.5,51215.2,0
2/2/2026 15:30:00,50103.9,50696.45,49336.5,50623.2,0
2/3/2026 15:30:00,51534.7,51840.25,50505.55,50806.65,0
2/4/2026 15:30:00,50938.2,51244.9,50725.9,50922.75,0
2/5/2026 15:30:00,50915.05,51403.1,50615.9,50731.65,0
2/6/2026 15:30:00,50667.85,51935.55,50383.9,51882.75,0
2/9/2026 15:30:00,52041,52098.45,51582.8,52047.3,0
2/10/2026 15:30:00,52105.1,52183.55,51889.05,52130.45,0
2/11/2026 15:30:00,52335.95,52411.1,51967.7,52152.1,0
2/12/2026 15:30:00,52212.7,52221.75,51571.5,51885.75,0
2/13/2026 15:30:00,51690.05,51690.05,50811.85,50902.15,0
2/16/2026 15:30:00,50809.55,51371.9,50680.15,51318.85,0
2/17/2026 15:30:00,51246.2,51824.15,51237.55,51778.3,0
2/18/2026 15:30:00,51860.6,52428.9,51759.4,52406.5,0
2/19/2026 15:30:00,52548.65,52548.65,51381.35,51483.6,0
2/20/2026 15:30:00,51443.85,51969.25,51401.45,51772.7,0
2/23/2026 15:30:00,51905.7,52186.2,51801.45,52136.35,0
2/24/2026 15:30:00,51911.35,52338.3,51815.7,52235.25,0
2/25/2026 15:30:00,52444.65,52519.9,51864,52105.3,0
2/26/2026 15:30:00,52156.55,52197.55,51741.7,52023,0
2/27/2026 15:30:00,51801.35,51987.55,51039.1,51142.2,0
3/2/2026 15:30:00,49968.25,50879.5,49954.15,50751.65,0
3/4/2026 15:30:00,50052.35,50315.8,49742.25,49797.5,0
3/5/2026 15:30:00,49985.85,50186.45,49354.8,50000.8,0
3/6/2026 15:30:00,49847.65,50173.6,49679.5,49970.6,0
3/9/2026 15:30:00,49299.4,49321.6,48740.95,49192.4,0
3/10/2026 15:30:00,49627.5,49717.55,49288.1,49603.55,0
3/11/2026 15:30:00,49649.55,49685.5,48964.95,49059.7,0
3/12/2026 15:30:00,48909.8,48929,48036.5,48189.15,0
3/13/2026 15:30:00,48047.8,48642.85,47852.25,47924.15,0
3/16/2026 15:30:00,48005.85,48622.35,47826.35,48468.85,0
3/17/2026 15:30:00,48612.6,48612.6,48040.15,48104.45,0
3/18/2026 15:30:00,48215.35,48368.7,47997,48079,0
3/19/2026 15:30:00,47549.15,47914.55,46740.35,46861.95,0
3/20/2026 15:30:00,47321.9,47688.45,46925.35,47007.55,0
3/23/2026 15:30:00,46699.05,46743.95,45740.9,45837.05,0
3/24/2026 15:30:00,46498.5,46822.7,45777.2,46408.3,0
3/25/2026 15:30:00,46690.25,47673.15,46549.25,47283.35,0
3/27/2026 15:30:00,47080.55,47112.95,46346.8,46427.2,0
3/30/2026 15:30:00,46141.7,46412.2,45436,45538.65,0
4/1/2026 15:30:00,46499.45,46513.05,45886.25,46135.95,0
4/2/2026 15:30:00,45882.7,46315.25,45334.15,46232.15,0
4/6/2026 15:30:00,46291.45,46666.5,45901.5,46600.05,0
4/7/2026 15:30:00,46362.25,47057.8,46020.5,46980.1,0
4/8/2026 15:30:00,47851.65,48076.8,47648.3,47704.25,0
4/9/2026 15:30:00,47611.8,47969.45,47458.6,47640.7,0
4/10/2026 15:30:00,47727.35,48285,47632.15,48194.05,0
4/13/2026 15:30:00,47486.25,47785.1,47285.35,47570.4,0
4/15/2026 15:30:00,47958.6,48482.5,47952.5,48290.4,0
4/16/2026 15:30:00,48382.75,48496.9,48117.25,48377.9,0
4/17/2026 15:30:00,48371.6,49743.05,48371.6,49657.75,0
4/20/2026 15:30:00,49760.15,49843.95,49377.7,49555.75,0
4/21/2026 15:30:00,49685.65,51038,49597.2,50820.1,0
4/22/2026 15:30:00,50940.45,51627.95,50769.7,51199,0
4/23/2026 15:30:00,50919.95,51331.95,50693.55,51140.5,0
4/24/2026 15:30:00,51383.3,51383.3,50571.75,50766.25,0
4/27/2026 15:30:00,50990.9,51336.95,50878.3,51046.5,0
4/28/2026 15:30:00,51047.1,51182.3,50817.35,50882.75,0
4/29/2026 15:30:00,51065.3,52067.05,51027.75,51771.8,0
4/30/2026 15:30:00,51723.45,51829.1,50680.1,51072.1,0
5/4/2026 15:30:00,51383,51972.9,51129.2,51266,0
5/5/2026 15:30:00,51249.85,51642.7,51036.25,51593.55,0
5/6/2026 15:30:00,51898.85,51947.35,51194.7,51460.55,0
5/7/2026 15:30:00,51485.45,51504.95,51000.1,51068.45,0
5/8/2026 15:30:00,51107.55,51320.15,50756.85,51165.9,0
5/11/2026 15:30:00,51118.15,51444.15,50870.4,51205.65,0
5/12/2026 15:30:00,51019.8,51237.2,50396.5,50453.9,0
5/13/2026 15:30:00,50541.15,50917.1,50397,50604.85,0
5/14/2026 15:30:00,50727.5,51061.05,50513.65,50779.15,0
5/15/2026 15:30:00,50848.85,51440.2,50776.5,51051.35,0
5/18/2026 15:30:00,50973.8,50987.05,50344.1,50900.1,0
5/19/2026 15:30:00,50920.2,51467.65,50800.35,50883.35,0
5/20/2026 15:30:00,50564.7,50657.7,50313.35,50520.55,0
5/21/2026 15:30:00,50800.8,50901.6,50138.1,50263.55,0
5/22/2026 15:30:00,50308.5,50520.15,50035.25,50249.8,0
5/25/2026 15:30:00,50572.8,50721.1,50062.15,50157.75,0
5/26/2026 15:30:00,50223.8,50300.45,50030.1,50227.35,0
5/27/2026 15:30:00,50320.75,50467.5,50053.9,50141.9,0
5/29/2026 15:30:00,49956.2,50245.55,49083.45,49383.35,0
6/1/2026 15:30:00,49474.55,49571.65,48127.5,48247.7,0
6/2/2026 15:30:00,47996.4,48668.65,47867.65,48612.8,0
6/3/2026 15:30:00,48617.3,48617.3,47922.8,48123.95,0
6/4/2026 15:30:00,48067.95,48538.1,47851.25,48216,0
6/5/2026 15:30:00,48277.7,48369.25,48026.4,48302.45,0
6/8/2026 15:30:00,47935.1,48458.55,47674.7,48098.65,0
6/9/2026 15:30:00,48316.8,48506.6,48056.1,48447.4,0
6/10/2026 15:30:00,48484.15,49439.55,48390.35,48957,0
6/11/2026 15:30:00,48852.2,48964.45,48464.85,48521.8,0
6/12/2026 15:30:00,48829.85,49007.75,48654.8,48827.6,0
6/15/2026 15:30:00,49422.2,49510.85,48963.3,49043.4,0
6/16/2026 15:30:00,49158.6,49685.55,49142.85,49642.4,0
6/17/2026 15:30:00,49677.95,49867.85,49402.75,49556.05,0
6/18/2026 15:30:00,49708.9,49833.8,49438.4,49654.5,0
6/19/2026 15:30:00,49514.8,49695.9,49230.2,49558.7,0